Metric,Value
mean,18.79310344827586
median,20.0
mode,0.0
std,8.436562369915979
variance,71.17558462148233
range,29.0
iqr,9.0
coefficient_of_variation,0.448917997665254
skewness,-1.2155037624036205
kurtosis,0.6572447078797121
p10,0.0
p25,16.0
p50,20.0
p75,25.0
p90,27.0
p95,28.0
p99,29.0
min,0.0
max,29.0
zero_count,35
zero_percentage,13.409961685823754
mean_non_zero,21.70353982300885
median_non_zero,21.5
std_non_zero,4.3625199586944055
